
{
    "region" : "us-east-1",
    "configuration" : "Release",
    "framework"     : "netcoreapp3.1",
    "self-contained" : false,
    "application"    : "AngularCaseStudy",
    "environment"    : "AngularCaseStudy-dev",
    "enable-xray"    : false,
    "enhanced-health-type" : "basic",
    "additional-options"   : "\"aws:autoscaling:launchconfiguration,SecurityGroups\"=\"sg-0fee3208\";\"aws:ec2:vpc,Subnets\"=\"subnet-79909834\"",
    "solution-stack"       : "64bit Amazon Linux 2 v2.2.0 running .NET Core",
    "environment-type"     : "SingleInstance",
    "cname"                : "angularcasestudy-dev",
    "instance-type"        : "t2.micro",
    "key-pair"             : "AngularCaseStudyKeyPair",
    "instance-profile"     : "aws-elasticbeanstalk-ec2-role",
    "service-role"         : "aws-elasticbeanstalk-service-role",
    "proxy-server"         : "none"
}